iteration,train_loss,val_eta2
1,2.031872e-01,6.106566e-02
2,6.820551e-02,5.471267e-02
3,5.447646e-02,5.507927e-02
4,5.234931e-02,5.257991e-02
5,5.165008e-02,5.156914e-02
6,5.089753e-02,5.072154e-02
7,5.024217e-02,5.012286e-02
8,4.977659e-02,4.972959e-02
9,4.970361e-02,5.006249e-02
10,4.956999e-02,4.943412e-02
11,4.939784e-02,4.937138e-02
12,4.933963e-02,4.939835e-02
13,4.928198e-02,4.927050e-02
14,4.924408e-02,4.926272e-02
15,4.916612e-02,4.926065e-02
16,4.935582e-02,4.929907e-02
17,4.922707e-02,4.925974e-02
18,4.919700e-02,4.928459e-02
19,4.933506e-02,4.932312e-02
20,4.919396e-02,4.926420e-02
21,4.929073e-02,4.936192e-02
22,4.934387e-02,4.924664e-02
23,4.923018e-02,4.924939e-02
24,4.932684e-02,4.925841e-02
25,4.926393e-02,4.924713e-02
26,4.937299e-02,4.923969e-02
27,4.937917e-02,4.925426e-02
28,4.924101e-02,4.925331e-02
29,4.929531e-02,4.923645e-02
30,4.914021e-02,4.923392e-02
31,4.926526e-02,4.923853e-02
32,4.937322e-02,4.924298e-02
33,4.921036e-02,4.942704e-02
34,4.928090e-02,4.927535e-02
35,4.932999e-02,4.937655e-02
36,4.922004e-02,4.923236e-02
37,4.923694e-02,4.923660e-02
38,4.931179e-02,4.922459e-02
39,4.936986e-02,4.929751e-02
40,4.921003e-02,4.922368e-02
41,4.920588e-02,4.937911e-02
42,4.940346e-02,4.933912e-02
43,4.919385e-02,4.922053e-02
44,4.921461e-02,4.934236e-02
45,4.911950e-02,4.921922e-02
46,4.920212e-02,4.922697e-02
47,4.930824e-02,4.921716e-02
48,4.921887e-02,4.921571e-02
49,4.923745e-02,4.927165e-02
50,4.926061e-02,4.927154e-02
51,2.578739e-02,1.791204e-02
52,9.741432e-03,5.931011e-03
53,5.595645e-03,5.646659e-03
54,5.450079e-03,5.568784e-03
55,5.377680e-03,5.514994e-03
56,5.353526e-03,5.426526e-03
57,5.260127e-03,5.394908e-03
58,5.200271e-03,5.270681e-03
59,5.164893e-03,5.237474e-03
60,5.131653e-03,5.206950e-03
61,5.107980e-03,5.185276e-03
62,5.111086e-03,5.176977e-03
63,5.092659e-03,5.172306e-03
64,5.089671e-03,5.165446e-03
65,5.068279e-03,5.161014e-03
66,5.079179e-03,5.159150e-03
67,5.088426e-03,5.156125e-03
68,5.092428e-03,5.156056e-03
69,5.061456e-03,5.152799e-03
70,5.077518e-03,5.154527e-03
71,5.086127e-03,5.151141e-03
72,5.080856e-03,5.153078e-03
73,5.079618e-03,5.153831e-03
74,5.078195e-03,5.150601e-03
75,5.086301e-03,5.154306e-03
76,5.092391e-03,5.147129e-03
77,5.072377e-03,5.158086e-03
78,5.086197e-03,5.167303e-03
79,5.052070e-03,5.146996e-03
80,5.071629e-03,5.147354e-03
81,5.088929e-03,5.149525e-03
82,5.081112e-03,5.147561e-03
83,5.078858e-03,5.144794e-03
84,5.079731e-03,5.144985e-03
85,5.067759e-03,5.144607e-03
86,5.082865e-03,5.143334e-03
87,5.079447e-03,5.144327e-03
88,5.082723e-03,5.142782e-03
89,5.069957e-03,5.147235e-03
90,5.055464e-03,5.142269e-03
91,5.068391e-03,5.142271e-03
92,5.067823e-03,5.142262e-03
93,5.063750e-03,5.142635e-03
94,5.069488e-03,5.146619e-03
95,5.049680e-03,5.142036e-03
96,5.080230e-03,5.143353e-03
97,5.048492e-03,5.141845e-03
98,5.084063e-03,5.141352e-03
99,5.068038e-03,5.140631e-03
100,5.069508e-03,5.141230e-03
101,5.066532e-03,5.140940e-03
102,5.068936e-03,5.139968e-03
103,5.064137e-03,5.140876e-03
104,5.085920e-03,5.140002e-03
105,5.062000e-03,5.140823e-03
106,5.062790e-03,5.139956e-03
107,5.069599e-03,5.140500e-03
108,5.078365e-03,5.139539e-03
109,5.062675e-03,5.141542e-03
110,6.022430e-04,5.838400e-04
111,5.301406e-04,5.358486e-04
112,5.080390e-04,5.292110e-04
113,5.065185e-04,5.253197e-04
114,5.010956e-04,5.238287e-04
115,5.011938e-04,5.217590e-04
116,5.018547e-04,5.211721e-04
117,5.036931e-04,5.197889e-04
118,4.988486e-04,5.191604e-04
119,4.971375e-04,5.189699e-04
120,4.997652e-04,5.187455e-04
121,5.003523e-04,5.184574e-04
122,4.947356e-04,5.183088e-04
123,4.976716e-04,5.180883e-04
124,4.976067e-04,5.181836e-04
125,4.987098e-04,5.180163e-04
126,4.965757e-04,5.180997e-04
127,4.958198e-04,5.180613e-04
128,4.937702e-04,5.182006e-04
129,4.973972e-04,5.177435e-04
130,4.983306e-04,5.179052e-04
131,4.967550e-04,5.175901e-04
132,4.968696e-04,5.176621e-04
133,5.009124e-04,5.176774e-04
134,4.983356e-04,5.179040e-04
135,4.984785e-04,5.174699e-04
136,4.946171e-04,5.176081e-04
137,4.965920e-04,5.173751e-04
138,4.994126e-04,5.174017e-04
139,4.997342e-04,5.176421e-04
140,4.958270e-04,5.172385e-04
141,4.986203e-04,5.172607e-04
142,4.979451e-04,5.172960e-04
143,4.985481e-04,5.171341e-04
144,4.942909e-04,5.171125e-04
145,4.952514e-04,5.173626e-04
146,4.965719e-04,5.170299e-04
147,4.950680e-04,5.171489e-04
148,4.954452e-04,5.169755e-04
149,4.940805e-04,5.169412e-04
150,4.944450e-04,5.169496e-04
151,4.968955e-04,5.169019e-04
152,4.947778e-04,5.168366e-04
153,4.953392e-04,5.167960e-04
154,4.956831e-04,5.170551e-04
155,4.965971e-04,5.169441e-04
156,4.943116e-04,5.169141e-04
157,4.980803e-04,5.167986e-04
158,4.973204e-04,5.167405e-04
159,4.971837e-04,5.168291e-04
160,4.953683e-04,5.168134e-04
161,4.976469e-04,5.166961e-04
162,5.350669e-05,5.441400e-05
163,5.033947e-05,5.314784e-05
164,4.942652e-05,5.296696e-05
165,4.918081e-05,5.280986e-05
166,4.922108e-05,5.276256e-05
167,4.892191e-05,5.274337e-05
168,4.939500e-05,5.272483e-05
169,4.906486e-05,5.270981e-05
170,4.905608e-05,5.270547e-05
171,4.929362e-05,5.268778e-05
172,4.929848e-05,5.268291e-05
173,4.940627e-05,5.266781e-05
174,4.880570e-05,5.266941e-05
175,4.896758e-05,5.266240e-05
176,4.936455e-05,5.267423e-05
177,4.916764e-05,5.265549e-05
178,4.919598e-05,5.264271e-05
179,4.967996e-05,5.264504e-05
180,4.901283e-05,5.263160e-05
181,4.910617e-05,5.263191e-05
182,4.903341e-05,5.264585e-05
183,4.896460e-05,5.264954e-05
184,4.902771e-05,5.265366e-05
185,4.890685e-05,5.267592e-05
186,4.941438e-05,5.264855e-05
187,4.917754e-05,5.262170e-05
188,4.882363e-05,5.262306e-05
189,4.880062e-05,5.262259e-05
190,4.919727e-05,5.260902e-05
191,4.927962e-05,5.260328e-05
192,4.875264e-05,5.260277e-05
193,4.922779e-05,5.261026e-05
194,4.910136e-05,5.259964e-05
195,4.880861e-05,5.259603e-05
196,4.868921e-05,5.259532e-05
197,4.874380e-05,5.259249e-05
198,4.896052e-05,5.260135e-05
199,4.928011e-05,5.259088e-05
200,4.886882e-05,5.259221e-05
201,4.881422e-05,5.258937e-05
202,4.898021e-05,5.259646e-05
203,4.918522e-05,5.258600e-05
204,4.927544e-05,5.258159e-05
205,4.909652e-05,5.257919e-05
206,4.922703e-05,5.258327e-05
207,4.927545e-05,5.259128e-05
208,4.876827e-05,5.258445e-05
209,4.892587e-05,5.258019e-05
210,4.900879e-05,5.259811e-05
211,4.896086e-05,5.261838e-05
212,4.867171e-05,5.258991e-05
213,4.939671e-05,5.257698e-05
214,4.900206e-05,5.257133e-05
215,4.966191e-05,5.258208e-05
216,4.916872e-05,5.256533e-05
217,4.901707e-05,5.256964e-05
218,4.905595e-05,5.256608e-05
219,4.942267e-05,5.259410e-05
220,4.893291e-05,5.258054e-05
221,4.875288e-05,5.257948e-05
222,4.887269e-05,5.256673e-05
223,4.888998e-05,5.257789e-05
224,4.912508e-05,5.256293e-05
225,4.870869e-05,5.255802e-05
226,4.912065e-05,5.255829e-05
227,4.867843e-05,5.255549e-05
228,4.884590e-05,5.255775e-05
229,4.921724e-05,5.255461e-05
230,4.896782e-05,5.255379e-05
231,5.138114e-06,5.639674e-06
232,5.007562e-06,5.479818e-06
233,4.970448e-06,5.461476e-06
234,4.941832e-06,5.456436e-06
235,4.955579e-06,5.451895e-06
236,4.916146e-06,5.450870e-06
237,4.940780e-06,5.444779e-06
238,4.948398e-06,5.444332e-06
239,4.939862e-06,5.443862e-06
240,4.894360e-06,5.441051e-06
241,4.909799e-06,5.439874e-06
242,4.899394e-06,5.440451e-06
243,4.912713e-06,5.438206e-06
244,4.903484e-06,5.440407e-06
245,4.887553e-06,5.437045e-06
246,4.911465e-06,5.477719e-06
247,4.920440e-06,5.442864e-06
248,4.888224e-06,5.476883e-06
249,4.918931e-06,5.456785e-06
250,4.893686e-06,5.435401e-06
251,4.882391e-06,5.434979e-06
252,4.895545e-06,5.434438e-06
253,4.907027e-06,5.434427e-06
254,4.928708e-06,5.433755e-06
255,4.951839e-06,5.433605e-06
256,4.908867e-06,5.433490e-06
257,4.925963e-06,5.433039e-06
258,4.938554e-06,5.432816e-06
259,4.928063e-06,5.432609e-06
260,4.903448e-06,5.432651e-06
261,4.931104e-06,5.431996e-06
262,4.894672e-06,5.431948e-06
263,4.902103e-06,5.431643e-06
264,4.915311e-06,5.432656e-06
265,4.923027e-06,5.431288e-06
266,4.891992e-06,5.431256e-06
267,4.940025e-06,5.430898e-06
268,4.895675e-06,5.430784e-06
269,4.907455e-06,5.431007e-06
270,4.957239e-06,5.431030e-06
271,4.916668e-06,5.431625e-06
272,4.890939e-06,5.430444e-06
273,5.520263e-07,6.169433e-07
274,5.387009e-07,6.041858e-07
275,5.242149e-07,5.969288e-07
276,5.211653e-07,5.933069e-07
277,5.208850e-07,5.917058e-07
278,5.212219e-07,5.904778e-07
279,5.221499e-07,5.905080e-07
280,5.202737e-07,5.883943e-07
281,5.157338e-07,5.883181e-07
282,5.219954e-07,5.871658e-07
283,5.177231e-07,5.867231e-07
284,5.182925e-07,5.862867e-07
285,5.210197e-07,5.859106e-07
286,5.160207e-07,5.855426e-07
287,5.141683e-07,5.851774e-07
288,5.156561e-07,5.850756e-07
289,5.122345e-07,5.847171e-07
290,5.103809e-07,5.843046e-07
291,5.128693e-07,5.841419e-07
292,5.180714e-07,5.838977e-07
293,5.138302e-07,5.838281e-07
294,5.098439e-07,5.836929e-07
295,5.129235e-07,5.832914e-07
296,5.167538e-07,5.831271e-07
297,5.149476e-07,5.839814e-07
298,5.127781e-07,5.832094e-07
299,5.127031e-07,5.826300e-07
300,5.143612e-07,5.826981e-07
301,5.163477e-07,5.823990e-07
302,5.109094e-07,5.826009e-07
303,5.106152e-07,5.833325e-07
304,5.092761e-07,5.819890e-07
305,5.135117e-07,5.820295e-07
306,5.099047e-07,5.820276e-07
307,5.115352e-07,5.827969e-07
308,5.079176e-07,5.818752e-07
309,5.100516e-07,5.814016e-07
310,5.100096e-07,5.814554e-07
311,5.125147e-07,5.812663e-07
312,5.080746e-07,5.813490e-07
313,5.073424e-07,5.810171e-07
314,5.070748e-07,5.810789e-07
315,5.046713e-07,5.808741e-07
316,5.155409e-07,5.810099e-07
317,5.111753e-07,5.807424e-07
318,5.064931e-07,5.807912e-07
319,5.122976e-07,5.806405e-07
320,5.117489e-07,5.806752e-07
321,5.087169e-07,5.812919e-07
322,5.118023e-07,5.803657e-07
323,5.115849e-07,5.804406e-07
324,5.118959e-07,5.802064e-07
325,5.069269e-07,5.801357e-07
326,5.090298e-07,5.802035e-07
327,5.135563e-07,5.800881e-07
328,5.141367e-07,5.800330e-07
329,5.063830e-07,5.800755e-07
330,5.072214e-07,5.799218e-07
