p,seed,level_N,epoch,train_loss,val_loss,h1_rel_val_median,lr,time_sec,optimizer_restarts,is_best
2,2,2,0,0.2453691097491837,0.18827984744441936,0.015289032699337086,0.01,22.15987129700079,0,1
2,2,2,1,0.16637123498408163,0.16982467594029305,0.014018626407705313,0.01,22.265074569000717,0,1
2,2,2,2,0.16022989288552228,0.15973644785518762,0.01281810408762255,0.01,22.36990594300005,0,1
2,2,2,3,0.15629355903242048,0.15659412147512639,0.012572431786819669,0.01,22.47359252500064,0,1
2,2,2,4,0.15452349215244005,0.15513543933733667,0.012214695017375909,0.01,22.577473736000684,0,0
2,2,2,5,0.15249665525280676,0.15228130703496093,0.012493702001543476,0.01,22.680730322999807,0,1
2,2,2,6,0.1510124598772739,0.15120002759689605,0.013191588740305786,0.01,22.78332116099955,0,0
2,2,2,7,0.14958213180374083,0.14964274708581748,0.012702981602788835,0.01,22.88690299100017,0,1
2,2,2,8,0.1493536893233061,0.1504953843630486,0.012302695077680387,0.01,22.990768903999196,0,0
2,2,2,9,0.14886603236592416,0.1488599849993185,0.012793689796296895,0.01,23.089635909000208,0,0
2,2,2,10,0.14836674040811149,0.1487950177243624,0.012997168425975106,0.01,23.194092547000764,0,0
2,2,2,11,0.14839395666730562,0.14876484227356357,0.012720865444502858,0.01,23.29379195799993,0,0
2,2,2,12,0.14826841842009628,0.14867688345571817,0.012938435543724222,0.01,23.394769549000557,0,0
2,2,2,13,0.14810697707407208,0.14864141263780295,0.012888674024481477,0.01,23.492849637999825,0,0
2,2,2,14,0.1478570808230712,0.14868372390797913,0.012969718567947194,0.01,23.59061717199984,0,0
2,2,2,15,0.14857681707441775,0.14867495903373856,0.012708854186513805,0.01,23.688176640000165,0,0
2,2,2,16,0.14807034349913567,0.14861712967021376,0.012763373582815653,0.01,23.785656558000483,0,0
2,2,2,17,0.14795812971048378,0.14861793979999094,0.012743460821904912,0.01,23.88365632500063,0,0
2,2,2,18,0.14842235040344137,0.1486614480215585,0.012681767248070987,0.01,23.98121796600026,0,0
2,2,2,19,0.14789450560474174,0.14858314016712992,0.012841339154496043,0.01,24.078608018000523,0,0
2,2,2,20,0.14826776087551474,0.1487942581599699,0.012581394254256932,0.01,24.176555309000832,0,0
2,2,2,21,0.14843605404631247,0.1485875825473359,0.012732382883825569,0.01,24.278564463000293,0,0
2,2,2,22,0.14811394282713847,0.14856216806452058,0.012823933884274193,0.01,24.382339903000684,0,0
2,2,2,23,0.14842419590282904,0.14858794635231937,0.012709209701393947,0.01,24.485228068999277,0,0
2,2,2,24,0.14819076699591677,0.14856819011305575,0.012727788718287466,0.01,24.588010969000607,0,0
2,2,2,25,0.1485271739406634,0.1485974723897511,0.012902726406198379,0.01,24.690556367999307,0,0
2,2,2,26,0.14858854877733793,0.14856456891522077,0.012864147117402133,0.01,24.794100048000473,0,0
2,2,2,27,0.1481344397237609,0.14857738805990067,0.012682518083415528,0.01,24.897431752000557,0,0
2,2,2,28,0.14831875928049637,0.14855454542023344,0.012703457065232463,0.01,25.001457747999666,0,0
2,2,2,29,0.14775788802364898,0.1485356143602681,0.012818956559245151,0.01,25.104378953999912,0,0
2,2,2,30,0.14819518322584052,0.1485549622257812,0.012682198166961787,0.01,25.20769528600067,0,0
2,2,2,31,0.1485074896577865,0.14851864724869518,0.01276350420294125,0.01,25.31055397899945,0,0
2,2,2,32,0.14790025834937115,0.1487888846579962,0.01251420079655569,0.01,25.41335055700074,0,0
2,2,2,33,0.1481667579662957,0.14854030145278085,0.01267391528475314,0.01,25.516145809999216,0,0
2,2,2,34,0.14839170212132294,0.14858793247986,0.012616463036963026,0.01,25.619309861000147,0,0
2,2,2,35,0.14792543208959055,0.1485894567703552,0.012893133824562931,0.01,25.722614554000756,0,0
2,2,2,36,0.14802107372538045,0.1485010845381257,0.012763032624480506,0.01,25.825527528999373,0,0
2,2,2,37,0.14838803149500981,0.1485068103227479,0.012690893331066912,0.01,25.927977000999817,0,0
2,2,2,38,0.1485123853743405,0.14860050129197944,0.01258042034133853,0.01,26.030949689999034,0,0
2,2,2,39,0.14797795960173227,0.14849504897757795,0.012701214158469505,0.01,26.13414193999961,0,0
2,2,2,40,0.1479734629905199,0.14863760672898096,0.012544447856969643,0.01,26.236611746000563,0,0
2,2,2,41,0.1485624758185857,0.14857712296219,0.012578189674980448,0.01,26.339885698000217,0,0
2,2,2,42,0.1479138529147387,0.1484897137160824,0.012765434345498506,0.01,26.442468567000105,0,0
2,2,2,43,0.14801910898290924,0.14853430212561294,0.012600200778510597,0.01,26.545182858999397,0,0
2,2,2,44,0.1476518271465263,0.14848167123716208,0.012751206489335858,0.01,26.648253732999365,0,0
2,2,2,45,0.1479882813355909,0.14848443326546115,0.012762234943880924,0.01,26.751759262000633,0,0
2,2,2,46,0.14832783806656433,0.14847069710578514,0.012686247308798271,0.01,26.854364270000588,0,0
2,2,2,47,0.14803447310488718,0.14847137693478266,0.01266302655819281,0.01,26.958021643999018,0,0
2,2,4,0,0.10243699693694175,0.07315165625283447,0.0036343860736190873,0.01,22.5139917230008,0,1
2,2,4,1,0.05988215928094161,0.0582323471139469,0.003452049600699051,0.01,22.62311927600058,0,1
2,2,4,2,0.0547353099799863,0.05589538726048015,0.003440358077260401,0.01,22.73415272300008,0,1
2,2,4,3,0.05389545500847459,0.05567963466205991,0.0035005198133245623,0.01,22.84898586899908,0,0
2,2,4,4,0.05360220890398339,0.05544074957372755,0.003529203160270051,0.01,22.962827482999273,0,0
2,2,4,5,0.05313346267267225,0.054344110166142975,0.0034731654021480447,0.01,23.07753154099919,0,1
2,2,4,6,0.052618494866318734,0.053972145069443776,0.0034663098867930516,0.01,23.192228615000204,0,0
2,2,4,7,0.05226399667991216,0.0536275782045135,0.0034378149782244224,0.01,23.306468990000212,0,1
2,2,4,8,0.051943598125967196,0.05335937311266621,0.003463120166047967,0.01,23.42013050499918,0,0
2,2,4,9,0.0518497749413757,0.0531526900774971,0.003456675487359319,0.01,23.535057818000496,0,0
2,2,4,10,0.05165615284743782,0.053007037571413985,0.0034694603131697112,0.01,23.64928096100084,0,1
2,2,4,11,0.05169837872376881,0.05290236403638833,0.0034625185828611417,0.01,23.764349274999404,0,0
2,2,4,12,0.051491025049426965,0.05285730141018995,0.0034575920358327307,0.01,23.878108823999355,0,0
2,2,4,13,0.05146254589167422,0.052793806440682316,0.0034728778146896786,0.01,23.99221663699973,0,0
2,2,4,14,0.05121985040954352,0.05276480009778909,0.003486183373799079,0.01,24.106336283999553,0,0
2,2,4,15,0.05135183224772806,0.05278477583138109,0.0034670939758474884,0.01,24.219768576000206,0,0
2,2,4,16,0.05149231051303153,0.05274630484465526,0.003482756005471408,0.01,24.335246627999368,0,0
2,2,4,17,0.05155231139318173,0.05274395823671584,0.003481867237943021,0.01,24.44931806400018,0,0
2,2,4,18,0.051197556070005826,0.05274937652647722,0.0034713008871368038,0.01,24.56343697199918,0,0
2,2,4,19,0.051368513733529964,0.052771383700111925,0.0034613825178247725,0.01,24.676862693000658,0,0
2,2,4,20,0.051517600321259446,0.05272839953652965,0.0034854313156570302,0.01,24.79075864799961,0,0
2,2,4,21,0.05144996107049057,0.05275644200209491,0.003460451958442533,0.01,24.904714230000536,0,0
2,2,4,22,0.05143791306531027,0.052773869157391906,0.003455977575945642,0.01,25.01836604900018,0,0
2,2,4,23,0.05142119288847262,0.05273877772371211,0.0035080805643680517,0.01,25.13249240999903,0,0
2,2,4,24,0.051522209654647246,0.05275365691291371,0.003459904720846832,0.01,25.246938353999212,0,0
2,2,4,25,0.0516040986998295,0.052714828432397755,0.003484059546738521,0.01,25.360495767999964,0,0
2,2,4,26,0.051352521768822754,0.05279685790837031,0.003449006595611088,0.01,25.475795549000395,0,0
2,2,4,27,0.051507075848170034,0.05283796686085788,0.003431707453893491,0.01,25.589247538000564,0,0
2,2,4,28,0.05112542616400173,0.052711098815220014,0.0034894122887562428,0.01,25.704052765000597,0,0
2,2,4,29,0.05136478060449188,0.052729386232524524,0.003459955036333292,0.01,25.817668945999685,0,0
2,2,4,30,0.051579788041279453,0.05273783805600367,0.003508578355250417,0.01,25.93147090599996,0,0
2,2,4,31,0.05147756759360454,0.05273244774916754,0.003490954565421511,0.01,26.045055696999043,0,0
2,2,4,32,0.05146648086080173,0.052703740367253185,0.0034864404739369495,0.01,26.159408262999932,0,0
2,2,4,33,0.05147501713517877,0.052704259748623236,0.0034698987123745204,0.01,26.273471497999708,0,0
2,2,4,34,0.05132837955308387,0.05271320377981241,0.0034601611273156244,0.01,26.387775699000485,0,0
2,2,4,35,0.05153460566375688,0.05269760037832712,0.0034835282447493944,0.01,26.501202694000312,0,0
2,2,4,36,0.05146717118943937,0.052701741072300246,0.003490259235402397,0.01,26.61576654199962,0,0
2,2,4,37,0.05153276528693089,0.052696541028179056,0.0034718271573017778,0.01,26.729172905999803,0,0
2,2,4,38,0.05136262725971504,0.05273904443687343,0.0034488217835139693,0.01,26.8430588049996,0,0
2,2,4,39,0.051213876111936174,0.052691343609402065,0.003472794571676509,0.01,26.95712294199984,0,0
2,2,4,40,0.05137820509506206,0.052693794382861585,0.003480955994584704,0.01,27.071922822999113,0,0
2,2,4,41,0.051352515574228576,0.052690783590442554,0.0034813279799043237,0.01,27.18414170699907,0,0
2,2,4,42,0.051300201448755675,0.05270469315229007,0.003454811401447131,0.01,27.2965777240006,0,0
2,2,4,43,0.05136695905626831,0.0527260411310148,0.0034512212596442414,0.01,27.407278238999425,0,0
2,2,4,44,0.05113864334944419,0.05268700375683963,0.0034664609131057787,0.01,27.518278801000633,0,0
2,2,4,45,0.051513367163030524,0.052706090990485815,0.0034517557376401086,0.01,27.62550769900008,0,0
2,2,4,46,0.051129366991180626,0.05270992631013149,0.0034921154490006887,0.01,27.732414158999745,0,0
2,2,4,47,0.05156407109734192,0.05269471326828106,0.00347288595812678,0.01,27.839601104000394,0,0
2,2,4,48,0.05136285454346473,0.052682356942458,0.0034803203480491787,0.01,27.946325638999042,0,0
2,2,4,49,0.051384786969390986,0.052682057105605466,0.0034755809944558157,0.01,28.053252935000273,0,0
2,2,4,50,0.051348111209600325,0.05268648541677104,0.0034565021663795267,0.01,28.160242563000793,0,0
2,2,8,0,0.022142492755493348,0.022119607401131215,0.0008999324332006327,0.01,24.253241725999032,0,1
2,2,8,1,0.020048754009137935,0.021141016337164434,0.000872082501008993,0.01,24.387623488999452,0,1
2,2,8,2,0.01960205651201234,0.020780250078972353,0.0008844121734270971,0.01,24.51010836599926,0,1
2,2,8,3,0.019597166048105928,0.02068907530848116,0.0008889196967409091,0.01,24.632355227000517,0,0
2,2,8,4,0.019419879509668864,0.02062328674949602,0.000889549413243055,0.01,24.754112733999136,0,0
2,2,8,5,0.019433985464155625,0.020582698076994792,0.0008935246352527985,0.01,24.87645054799941,0,0
2,2,8,6,0.019484451918683414,0.02052672193160521,0.0008929372882849844,0.01,24.998272623999583,0,1
2,2,8,7,0.019555193594028894,0.0204933453492676,0.0008926026439689085,0.01,25.119987328000207,0,0
2,2,8,8,0.01935244391179975,0.020467868528610305,0.0008936544377874823,0.01,25.246806507000656,0,0
2,2,8,9,0.019276033941680048,0.020441478048486873,0.00089727190529767,0.01,25.378636845000074,0,0
2,2,8,10,0.0193800995475657,0.020422694893872936,0.0008953087202303697,0.01,25.50905672800036,0,0
2,2,8,11,0.019400383317902024,0.02040372651822775,0.0008966761049401897,0.01,25.64104207699893,0,0
2,2,8,12,0.019159662161836587,0.020397376955335778,0.0008989357882167855,0.01,25.77278534600009,0,0
2,2,8,13,0.01927802277788332,0.020370568943059587,0.0008994207863716774,0.01,25.903678710999884,0,0
2,2,8,14,0.019261047198277016,0.020365993068047337,0.0008976946962454508,0.01,26.035664521999934,0,0
2,2,8,15,0.019305034201237033,0.02035311835451703,0.0008983409517781653,0.01,26.166556338999726,0,0
2,2,8,16,0.019207722785982456,0.02034909359588011,0.0008965228981459886,0.01,26.297732888999235,0,0
2,2,8,17,0.019161239747272213,0.020332086542535693,0.0008995108469737792,0.01,26.429488026999024,0,0
2,2,8,18,0.019071649451536055,0.02032398919880143,0.0009002326996692103,0.01,26.560310098999253,0,0
2,2,8,19,0.019213905209444833,0.020319637901692198,0.0008967624382437489,0.01,26.692441863999193,0,1
2,2,8,20,0.019264238012533012,0.02031742688653397,0.0008992034871502647,0.01,26.82369085299979,0,0
2,2,8,21,0.01920771088303535,0.02030993692291592,0.0008986074653513089,0.01,26.953940116000012,0,0
2,2,8,22,0.01919504745262171,0.02031443839010769,0.0008963366076062415,0.01,27.085126247999142,0,0
2,2,8,23,0.019376338419229693,0.020307387931623587,0.0008978662830053056,0.01,27.21564825799942,0,0
2,2,8,24,0.019263606636058587,0.020303127357756988,0.0008949278653766683,0.01,27.346000891000585,0,0
2,2,8,25,0.019277928844915675,0.020306526261629793,0.0008966534471605572,0.01,27.477393758999824,0,0
2,2,8,26,0.019102731625459328,0.020293658665552005,0.0008965958910547013,0.01,27.609408332000385,0,0
2,2,8,27,0.019180102427093178,0.02030024535412884,0.0008950896370138145,0.01,27.740915803999087,0,0
2,2,8,28,0.019314107252276027,0.020311114063759215,0.0008951942522798403,0.01,27.871987906999493,0,0
2,2,8,29,0.019325287485323944,0.020287355524406168,0.0008961610644894427,0.01,28.003956332000598,0,0
2,2,8,30,0.01914941698070021,0.02030240187364272,0.0008945696738924168,0.01,28.13544251699932,0,0
2,2,8,31,0.019283559336123607,0.02028463909524597,0.000897506735493198,0.01,28.26743318499939,0,0
2,2,8,32,0.019243584288019235,0.020284347004770054,0.0008954981578697307,0.01,28.39896021399909,0,0
2,2,8,33,0.019268632704019732,0.020283296904302774,0.0008959079078843236,0.01,28.531128268999964,0,0
2,2,8,34,0.019085394599662873,0.02028301485882945,0.0008974255748729045,0.01,28.662833111999134,0,0
2,2,8,35,0.019124102378202678,0.020278655723559073,0.0008961134938685986,0.01,28.794538578000356,0,0
2,2,8,36,0.019190759523354396,0.02027681650565234,0.0008955216907683255,0.01,28.926953063999463,0,0
2,2,8,37,0.01911679523144326,0.020288042320399373,0.0008940938480822931,0.01,29.05837603600048,0,0
2,2,8,38,0.019136654631746925,0.020274111337695064,0.0008957604756254602,0.01,29.189694136999606,0,0
2,2,8,39,0.019081476783292344,0.020274600419333842,0.0008954097777046603,0.01,29.321886343999722,0,0
2,2,8,40,0.019104613918639213,0.02027394194514749,0.0008966357579100338,0.01,29.453035926000666,0,0
2,2,8,41,0.019188568108872192,0.02027086167478445,0.0008949118298314961,0.01,29.58390363000035,0,0
2,2,8,42,0.019112798399947055,0.02027376325723871,0.0008946569843516048,0.01,29.711762173999887,0,0
2,2,8,43,0.019136980289521915,0.020269091123956483,0.000895338136011517,0.01,29.841824662998988,0,0
2,2,8,44,0.01914738011790295,0.020270923245023695,0.0008941436690958297,0.01,29.967336796999007,0,0
2,2,8,45,0.0191839369553132,0.02026785792981742,0.0008943205132672222,0.01,30.093114678000347,0,0
2,2,8,46,0.019087486921222023,0.02026811701104551,0.0008960796291873582,0.01,30.215088844999627,0,0
2,2,8,47,0.019256090960150112,0.02026545653122706,0.000894404026967814,0.01,30.336764100999062,0,0
2,2,8,48,0.019224372010636696,0.02026448134035489,0.0008946979270152522,0.01,30.45912092599974,0,0
2,2,8,49,0.019215537510972734,0.02026678795503843,0.0008947140633364092,0.01,30.581005288000597,0,0
2,2,8,50,0.019135601865737942,0.020263705071564813,0.000894590711020989,0.01,30.702766165999492,0,0
2,2,8,51,0.019235413205408426,0.02026692793668389,0.0008929963221774735,0.01,30.825217624000288,0,0
2,2,8,52,0.01914328439494244,0.020261358950837156,0.0008948035480945006,0.01,30.953156379000575,0,0
2,2,8,53,0.01926270994345088,0.020260694109229805,0.0008949070303036812,0.01,31.084221023000282,0,0
2,2,8,54,0.019114682514583016,0.02026268238856461,0.0008938560344594795,0.01,31.21599676400001,0,0
2,2,8,55,0.019178158373505935,0.02025907304239489,0.0008953951175114553,0.01,31.347096239000166,0,0
2,2,8,56,0.019242377654293343,0.020258790729335233,0.0008951526627759978,0.01,31.478601078999418,0,0
2,2,8,57,0.01904476621190468,0.020258983260453393,0.0008950171269211606,0.01,31.60993126199901,0,0
2,2,8,58,0.019235928972066878,0.020258081607829638,0.0008947822832946414,0.01,31.741761794999547,0,0
2,2,8,59,0.019071415639974804,0.02025901864374081,0.0008939204588148675,0.01,31.873801027999434,0,0
2,2,16,0,0.008389817106473968,0.008682315576998513,0.00022495026928610654,0.01,28.169313668999166,0,1
2,2,16,1,0.007870668383689921,0.008505520806470835,0.0002273252762890449,0.01,28.34338228100023,0,1
2,2,16,2,0.007765121609707271,0.008440922301111393,0.0002255767972173294,0.01,28.515565583998978,0,0
2,2,16,3,0.007697291369909551,0.008386380135980684,0.00022505665432625595,0.01,28.68789990499863,0,1
2,2,16,4,0.0076811397358590786,0.008355918973815987,0.0002249945969082934,0.01,28.852832047999982,0,0
2,2,16,5,0.007610022610187737,0.008329022493674633,0.0002251932724207965,0.01,29.019429627000136,0,0
2,2,16,6,0.0076627854600644614,0.008306701261929285,0.00022549690047991578,0.01,29.184412114000224,0,0
2,2,16,7,0.00759111784012338,0.008290442559391946,0.000225817271851721,0.01,29.34209725099936,0,1
2,2,16,8,0.007578516722795021,0.00827569128924944,0.0002259709233120089,0.01,29.499367378999523,0,0
2,2,16,9,0.007605069135020974,0.008261002153868505,0.00022624685028092953,0.01,29.65724228599902,0,0
2,2,16,10,0.00759521993256561,0.008252303734310977,0.00022635981770431632,0.01,29.81458955099879,0,0
2,2,16,11,0.007610144475192216,0.008259550490133858,0.00022650539028483044,0.01,29.972915866999756,0,0
2,2,16,12,0.007514913150021045,0.008237836101076281,0.00022629082873457243,0.01,30.145371552998768,0,0
2,2,16,13,0.007536243711228642,0.008243045769680464,0.00022684532673275661,0.01,30.31781760999911,0,0
2,2,16,14,0.007595426222204838,0.008231824362036073,0.00022691818617004474,0.01,30.489151900999786,0,0
2,2,16,15,0.007570031925010252,0.008229242787940549,0.00022695685996977389,0.01,30.661437265998757,0,0
2,2,16,16,0.0075726813087537035,0.008224787728327845,0.00022688993647445452,0.01,30.833427191999363,0,0
2,2,16,17,0.0076391085149915714,0.008224087788974327,0.00022721405466177822,0.01,31.00575472899982,0,0
2,2,16,18,0.007528437928566431,0.008219822965654964,0.00022716627237064213,0.01,31.17728075999912,0,0
2,2,16,19,0.007544625701713563,0.00821784954732816,0.00022726164701809666,0.01,31.348737993999748,0,0
2,2,16,20,0.007531672879519856,0.00821683251470669,0.00022688078316428038,0.01,31.520285474998673,0,0
2,2,16,21,0.007510415820116455,0.008214739050746982,0.00022701378346173538,0.01,31.692695546998948,0,0
2,2,16,22,0.007516395481412629,0.008249047351873276,0.00022788169323665307,0.01,31.865697413999442,0,0
2,2,16,23,0.007497295481723984,0.008214415721569729,0.00022714654844796907,0.01,32.037977698999384,0,0
2,2,16,24,0.007578268894061156,0.00821161866325916,0.00022680697393127308,0.01,32.20943073699891,0,0
2,2,16,25,0.0075438981068729925,0.008220008788286656,0.00022660724312400637,0.01,32.381329588999506,0,0
2,2,16,26,0.007491540304949321,0.008211913883831107,0.00022653456669992526,0.01,32.553133968998736,0,0
2,2,16,27,0.007484957966615943,0.008209896378625963,0.000227226929378801,0.01,32.72516085299867,0,0
2,2,16,28,0.007548326557939621,0.008205795466109863,0.00022711356001028975,0.01,32.897609777999605,0,1
2,2,16,29,0.007564809004854253,0.0082052275184066,0.00022721757154595644,0.01,33.07050819899996,0,0
2,2,16,30,0.007478236448532423,0.00820577321988681,0.0002267176815063719,0.01,33.243870710999545,0,0
2,2,16,31,0.007553547338363065,0.008206616052987026,0.00022672874614049977,0.01,33.41560839399972,0,0
2,2,16,32,0.0075381508348305775,0.008206073400211787,0.0002267958826595924,0.01,33.58733316500002,0,0
2,2,16,33,0.007485182017488512,0.008203767112185985,0.00022689382425678935,0.01,33.760458163000294,0,0
2,2,16,34,0.0074622559014499035,0.008207200751415117,0.00022742001604249666,0.01,33.93207063799855,0,0
2,2,16,35,0.007475360613631905,0.008200913808094309,0.00022727805365310415,0.01,34.104594602998986,0,0
2,2,16,36,0.007503896897762168,0.008199233494251073,0.0002269538258103834,0.01,34.2827321019995,0,0
2,2,16,37,0.007565293270993976,0.008199392653206626,0.00022709713135675357,0.01,34.454585340999984,0,0
2,2,16,38,0.007490117571577299,0.008199950508991154,0.00022687073763534893,0.01,34.62118138799997,0,0
2,2,16,39,0.0074813786568259195,0.008198515733936722,0.00022696219086981666,0.01,34.78798328099947,0,0
2,2,16,40,0.00750662173343529,0.008201854125395857,0.00022660055399843752,0.01,34.947296014999665,0,0
2,2,16,41,0.007540971076723036,0.008208273214600454,0.00022668089503818334,0.01,35.10475158099871,0,0
2,2,16,42,0.0075618562833303345,0.00820151306513834,0.00022708572488923026,0.01,35.26214200999857,0,0
2,2,16,43,0.007531244639868653,0.00819921681592823,0.00022733688635467297,0.01,35.42028126399964,0,0
2,2,16,44,0.007548158945347272,0.008195455946025642,0.00022709181045737158,0.01,35.57795524699941,0,0
2,2,16,45,0.007552917533438212,0.008206921913696052,0.00022715129662128088,0.01,35.741192842999226,0,0
2,2,16,46,0.007475588258667118,0.00819407622178053,0.00022726592516078746,0.01,35.91376422999929,0,0
2,2,16,47,0.007495988044402139,0.008196855569211929,0.00022749985192399946,0.01,36.08520432699879,0,0
2,2,16,48,0.007507237824964867,0.008194408800742221,0.00022730189766602602,0.01,36.2578263180003,0,0
2,2,16,49,0.0075015351166799835,0.008191136764567343,0.00022704959043231597,0.01,36.42972160499994,0,0
2,2,16,50,0.0074535287962631275,0.008194452410074514,0.00022724720238110214,0.01,36.602333855000325,0,0
2,2,16,51,0.007574307061652366,0.00819076298187834,0.0002270376651486546,0.01,36.77374422399953,0,0
2,2,16,52,0.007508736106093969,0.008192604589710065,0.00022689932381524369,0.01,36.945932788999926,0,0
2,2,16,53,0.007622529634401978,0.008189748195365559,0.0002270596557566376,0.01,37.118782472998646,0,0
2,2,16,54,0.007542684869940359,0.00819071739624215,0.00022670628220548613,0.01,37.28968486899976,0,0
2,2,16,55,0.007510735290151146,0.008191297608721951,0.0002266598455587844,0.01,37.46122231899972,0,0
2,2,16,56,0.00752077373266116,0.00818872433810713,0.0002269590686619902,0.01,37.6328958489994,0,0
2,2,16,57,0.0075764305356122415,0.008187233295528137,0.0002270425313521643,0.01,37.8046027700002,0,0
2,2,16,58,0.007490046183223758,0.008187599193685028,0.00022706590070839636,0.01,37.97625979199984,0,0
2,2,16,59,0.00746726049905166,0.008195145709412729,0.00022726983887937888,0.01,38.147932481999305,0,0
2,2,16,60,0.007486561376872656,0.008192937086163012,0.00022716745053871055,0.01,38.31930893599929,0,0
2,2,16,61,0.00748502864254221,0.008185501917629252,0.00022708419079291097,0.01,38.49167478199888,0,0
2,2,16,62,0.007527896841390651,0.008185629996544258,0.0002268921460175757,0.01,38.66414619999887,0,0
2,2,16,63,0.007455706743908309,0.008188747315486572,0.00022696355274010434,0.01,38.83522826199987,0,0
2,2,16,64,0.0075251050452345356,0.008185843004379575,0.00022727641463996085,0.01,39.00724136600002,0,0
2,2,16,65,0.007451622248035149,0.008185335587903369,0.00022697907387629387,0.01,39.17817649799872,0,0
2,2,16,66,0.007479037571450844,0.00818469546884869,0.0002270362122795686,0.01,39.35091233699859,0,0
2,2,16,67,0.007541092045480942,0.008183441426721314,0.00022714484354303943,0.01,39.52354494700012,0,0
2,2,16,68,0.00749915763549674,0.008185300385488906,0.00022681469027968447,0.01,39.69430418699994,0,0
2,2,32,0,0.0034002137093147775,0.0036498802097278734,5.96662929846171e-05,0.01,25.26165330100048,0,1
2,2,32,1,0.003234850726001797,0.0035573312949790867,5.854767681125227e-05,0.01,25.542795280000064,0,1
2,2,32,2,0.0031919065970647024,0.0035364382762506814,5.763140733706481e-05,0.01,25.82092797900077,0,0
2,2,32,3,0.003161307639516737,0.003515086880877268,5.8394636536283105e-05,0.01,26.093326205000267,0,1
2,2,32,4,0.003159573480616541,0.0035052009104759307,5.801412781521563e-05,0.01,26.356410534001043,0,0
2,2,32,5,0.0031249608107136737,0.003494935607673373,5.7786969584916226e-05,0.01,26.614292280000882,0,0
2,2,32,6,0.0031303743307356897,0.003488397843683248,5.76944721955517e-05,0.01,26.872001267000087,0,0
2,2,32,7,0.0031304261676448953,0.003485797395560374,5.7520684210365575e-05,0.01,27.139423725000597,0,0
2,2,32,8,0.0031238852900003717,0.003479882287658758,5.7517842986159906e-05,0.01,27.419582591001017,0,1
2,2,32,9,0.00308983159874474,0.0034751353339370645,5.750667399763387e-05,0.01,27.699419874999876,0,0
2,2,32,10,0.003096068038158793,0.0034728675815386212,5.708437846964066e-05,0.01,27.979401222999513,0,0
2,2,32,11,0.0030854527230932947,0.0034745788383437628,5.7158132158466175e-05,0.01,28.259305097000833,0,0
2,2,32,12,0.0030924351231120238,0.0034679701857211324,5.706950854714018e-05,0.01,28.539737012999467,0,0
2,2,32,13,0.003084130188921033,0.003461267439038115,5.708487444429296e-05,0.01,28.8193541870005,0,0
2,2,32,14,0.0030695222133745067,0.003461317711139954,5.699869353142704e-05,0.01,29.098696380000547,0,0
2,2,32,15,0.003082341678814336,0.0034715566481290216,5.6937113367024075e-05,0.01,29.378812880000623,0,0
2,2,32,16,0.0030795921388071007,0.0034556393057068703,5.699146850986403e-05,0.01,29.65866395000012,0,0
2,2,32,17,0.003060810591560642,0.0034556617165538823,5.6931276224218745e-05,0.01,29.939671150999857,0,0
2,2,32,18,0.003073105223551993,0.003453059521247451,5.6933211298016686e-05,0.01,30.22115461700014,0,0
2,2,32,19,0.0030647426244204664,0.0034513693056434924,5.6947498391658735e-05,0.01,30.502306403001057,0,0
2,2,32,20,0.003060275373591587,0.003452493979012864,5.688786523709543e-05,0.01,30.783156765000967,0,0
2,2,32,21,0.0030665848593500974,0.003449102039135269,5.6953557654795695e-05,0.01,31.063412935000088,0,0
2,2,32,22,0.0030709421896014753,0.0034506284250230856,5.689769141691286e-05,0.01,31.34326948800117,0,0
2,2,32,23,0.0030857110626274645,0.003448505149954251,5.6947984926775394e-05,0.01,31.618308942999647,0,0
2,2,32,24,0.003098118178642531,0.0034510088018983053,5.688092210013071e-05,0.01,31.893096710000464,0,0
2,2,32,25,0.003072031233336287,0.003447043564179839,5.694348176190628e-05,0.01,32.15124193799966,0,0
2,2,32,26,0.003081747144425067,0.0034485917148331553,5.684287304058225e-05,0.01,32.40782962100093,0,0
2,2,32,27,0.003089344582477489,0.003447823137451974,5.68683928766957e-05,0.01,32.66568210600053,0,0
2,2,32,28,0.0030817221771998506,0.00344649862879937,5.6918070397929774e-05,0.01,32.93725408499995,0,0
2,2,32,29,0.0030632547929162765,0.0034484891817048876,5.685879709002239e-05,0.01,33.216846551000344,0,0
2,2,32,30,0.003083386929308522,0.0034462119404672234,5.685765908966154e-05,0.01,33.49624685600065,0,0
2,2,32,31,0.0030606555957220665,0.003447091228849266,5.704753562944918e-05,0.01,33.77541160600049,0,0
2,2,32,32,0.00306369566173796,0.003444187943614168,5.685393506240095e-05,0.01,34.05586126799972,0,1
2,2,32,33,0.003069870973705836,0.003443752525657638,5.6848813080103295e-05,0.01,34.33634097200047,0,0
2,2,32,34,0.0030762684879414508,0.0034483088677000257,5.697009619728576e-05,0.01,34.61683250200076,0,0
2,2,32,35,0.0030608332362370926,0.0034447732655023245,5.682686729511091e-05,0.01,34.89653062900106,0,0
2,2,32,36,0.003088132958638099,0.003445895394554475,5.6866781205512254e-05,0.01,35.177374535000126,0,0
2,2,32,37,0.0030598459266109623,0.0034482364865698716,5.686861454225031e-05,0.01,35.457778313000745,0,0
2,2,32,38,0.003065754472494968,0.0034464785299341038,5.682471083964587e-05,0.01,35.73765720099982,0,0
2,2,32,39,0.003098114932896221,0.00346116745341724,5.6896636271478544e-05,0.01,36.01740914400034,0,0
2,2,32,40,0.0030858984914024917,0.0034583770357874406,5.718580944589968e-05,0.01,36.296800975000224,0,0
2,2,32,41,0.0030588488021755732,0.0034589866912285074,5.69587130711609e-05,0.01,36.577214013999765,0,0
2,2,32,42,0.003076773322168263,0.0034666288396257494,5.751476660147569e-05,0.01,36.857764854999914,0,0
2,2,32,43,0.003060791473077507,0.003443833818747303,5.692350785855578e-05,0.01,37.13805136100018,0,0
2,2,32,44,0.003067157026986375,0.0034421348951070513,5.686531777313948e-05,0.01,37.418300277000526,0,0
2,2,32,45,0.0030541723754529647,0.0034427250044771697,5.688128734395915e-05,0.01,37.68773468600011,0,0
2,2,32,46,0.003048841556232797,0.0034414468136625487,5.690771671485873e-05,0.01,37.945076693000374,0,0
2,2,32,47,0.0030667089051887096,0.0034414313887745937,5.685682529601537e-05,0.01,38.202688097000646,0,0
2,2,32,48,0.0030512407205558244,0.0034417147677927727,5.686731282133734e-05,0.01,38.460469359000854,0,0
2,2,32,49,0.0030671293642823313,0.0034422684960393906,5.6832084760654645e-05,0.01,38.73994072499954,0,0
2,2,32,50,0.0030490600528949186,0.003441782942136001,5.685340072168522e-05,0.01,39.020913976000884,0,0
2,2,32,51,0.00305438812796424,0.0034412082662545742,5.687998897423787e-05,0.01,39.301705615000174,0,0
2,2,32,52,0.0030496781301822995,0.003469320618312325,5.694686428016117e-05,0.01,39.581604114000584,0,0
2,2,32,53,0.0030568381694074187,0.0034404974682613336,5.683391866763092e-05,0.01,39.86211494100098,0,0
2,2,32,54,0.0030475953459873327,0.0034405490712998915,5.6902763378263886e-05,0.01,40.143012194999756,0,0
2,2,32,55,0.003067643448616443,0.00343986890629029,5.688707424712131e-05,0.01,40.4240906670002,0,0
2,2,32,56,0.0030560139932133013,0.003440058956520516,5.6870727283414715e-05,0.01,40.704949012000725,0,0
2,2,32,57,0.003057753994672132,0.0034397602789307865,5.687583674226549e-05,0.01,40.98572578600033,0,0
2,2,32,58,0.003106878135981579,0.0034399349144557077,5.68725888261487e-05,0.01,41.26622015199973,0,0
2,2,32,59,0.003053584419761277,0.003441546104351561,5.687338785981776e-05,0.01,41.54650129699985,0,0
2,2,32,60,0.003067452123929217,0.003439556345881734,5.684830237112257e-05,0.01,41.826997272999506,0,0
2,2,32,61,0.0030679827311613705,0.003445514955262353,5.686313811250985e-05,0.01,42.10706847000074,0,0
2,2,32,62,0.0030768794912072427,0.003439018162873162,5.6856806621811824e-05,0.01,42.38829436500055,0,0
2,2,32,63,0.003037621487731987,0.0034389828260785165,5.686111120214295e-05,0.01,42.66842921399984,0,0
2,2,32,64,0.0030736016903702102,0.003439040141816429,5.6872950918539556e-05,0.01,42.94766016600079,0,0
2,2,32,65,0.003029511294999064,0.0034411933702267177,5.688787181630274e-05,0.01,43.21972174000075,0,0
2,2,32,66,0.0030806027453948786,0.003438857851751519,5.6876820592357555e-05,0.01,43.4848191100009,0,0
2,2,32,67,0.003031765804535028,0.0034383504596365243,5.687109337152027e-05,0.01,43.74230694899961,0,0
2,2,32,68,0.003039466107159343,0.0034389869801900804,5.6843885718968144e-05,0.01,43.999591363000945,0,0
2,2,32,69,0.0030454582567689984,0.0034398364516868463,5.68894122906049e-05,0.01,44.262620973000594,0,0
2,2,32,70,0.0030815157030366623,0.0034378749751734793,5.686207405556045e-05,0.01,44.54225317500095,0,0
2,2,32,71,0.003056586073080453,0.0034378851848289875,5.6864576641901685e-05,0.01,44.822761135999826,0,0
2,2,32,72,0.0030813724004249434,0.003438523500360202,5.685193323818284e-05,0.01,45.104045821999534,0,0
2,2,64,0,0.0013440680234640626,0.0014861341568579074,1.479537261979707e-05,0.01,26.1862647020007,0,1
2,2,64,1,0.0012514566585331913,0.0014140411887283335,1.4338336021631874e-05,0.01,26.739020351000363,0,1
2,2,64,2,0.001212174470224927,0.0014121741719399232,1.4338733692888598e-05,0.01,27.293969554000796,0,0
2,2,64,3,0.0012156428492421972,0.0014111011557972274,1.4329383490610914e-05,0.01,27.848845537999296,0,0
2,2,64,4,0.0012196899363834703,0.0014101987690219046,1.4336390565374533e-05,0.01,28.402864364999914,0,0
2,2,64,5,0.0012243327042408688,0.0014102466818573804,1.4332886712431156e-05,0.01,28.95465845199942,0,0
2,2,64,6,0.0012281124283603762,0.0014100141696310356,1.434271868840603e-05,0.01,29.49529001600058,0,0
2,2,64,7,0.0012259753883101451,0.0014097326743708865,1.4341900305257495e-05,0.01,30.024576834999607,0,0
2,2,64,8,0.0012157606826949238,0.0014090823895021496,1.4342298105946296e-05,0.01,30.57474231500055,0,0
2,2,64,9,0.0012335562852589777,0.001409038015739607,1.4344106620197157e-05,0.01,31.12951076200079,0,0
2,2,64,10,0.0012225449190279207,0.0014088746027615358,1.4343918316435023e-05,0.01,31.682970100000603,0,0
2,2,64,11,0.001222848311210566,0.0014086319360175185,1.4341261925685877e-05,0.01,32.23800774600022,0,0
2,2,64,12,0.001233798354831494,0.0014088700516010032,1.435154231280472e-05,0.01,32.792976455000826,0,0
2,2,64,13,0.001221074599568096,0.001408135017060651,1.4345695602875294e-05,0.01,33.34669530300016,0,0
2,2,64,14,0.0012172237656046766,0.0014081410981866566,1.4352672167240132e-05,0.01,33.89966214800006,0,0
2,2,64,15,0.001222346548621283,0.001408849601118631,1.4357035822751412e-05,0.01,34.453671282999494,0,0
2,2,64,16,0.0012136346599134775,0.0014082781712906826,1.4347260500660322e-05,0.01,35.002471854999385,0,0
2,2,64,17,0.0012090666421486914,0.0014076807446549784,1.4356987927536972e-05,0.01,35.534724062999885,0,0
2,2,64,18,0.0012160737469120505,0.0014082739658016154,1.4341106439662008e-05,0.01,36.06838032499945,0,0
2,2,64,19,0.0012304343079741656,0.001407490432705896,1.4354255714511969e-05,0.01,36.62137260000054,0,0
2,2,64,20,0.0012190599012140584,0.0014076378246886518,1.4363863403651727e-05,0.01,37.17438216700066,0,0
2,2,64,21,0.0012083971008583993,0.0014073526446945507,1.4350095049754663e-05,0.01,37.726364617999934,0,0
2,2,64,22,0.0012178666379779862,0.0014093667373521936,1.4354402071389571e-05,0.01,38.27937956099959,0,0
2,2,64,23,0.0012282690330208115,0.0014075672800960436,1.4360294920372269e-05,0.01,38.832016067999575,0,0
2,2,64,24,0.0012237206791374789,0.0014076379397090577,1.436805613187126e-05,0.01,39.38405636000061,0,0
2,2,64,25,0.0012186563943803238,0.001407736737180269,1.435938800679309e-05,0.01,39.93647648099977,0,0
2,2,64,26,0.001219554229001458,0.00140752796127498,1.4356721751579351e-05,0.01,40.48972649499956,0,0
2,2,64,27,0.0012234657604388156,0.001407526607112116,1.4345963317413203e-05,0.01,41.03201455499948,0,0
2,2,64,28,0.0012287083263497513,0.001407257906954465,1.4369117789158033e-05,0.01,41.5609496929992,0,0
2,2,64,29,0.0012137075711569497,0.0014066648128947827,1.4365801843718546e-05,0.01,42.10426049099988,0,0
2,2,64,30,0.0012128401546694343,0.0014067890918784123,1.4361020374861837e-05,0.01,42.656570121000186,0,0
2,2,64,31,0.0012102225285300645,0.0014076421135360876,1.4354019274242618e-05,0.01,43.20991743100058,0,0
2,2,64,32,0.001222157631950789,0.001407374240230979,1.4364431949940124e-05,0.01,43.761660756999845,0,0
2,2,64,33,0.0012131178218977954,0.0014071345494893397,1.4362305648916986e-05,0.01,44.314208411000436,0,0
2,2,64,34,0.00121682997452092,0.0014064902173039223,1.4356768386464666e-05,0.01,44.8667260809998,0,0
2,2,64,35,0.0012079047750540534,0.0014066876273616058,1.4377111849116428e-05,0.01,45.419128853000075,0,0
2,2,64,36,0.0012130397107311046,0.0014062371771411577,1.4361085123124992e-05,0.01,45.97241195500101,0,0
2,2,64,37,0.0012140961265844747,0.001406631268104096,1.4359581880373672e-05,0.01,46.522408609000195,0,0
2,2,64,38,0.0012207387939167397,0.001406640107574771,1.4362857802912106e-05,0.01,47.063107948000834,0,0
2,2,64,39,0.0012091340328104433,0.0014061551526612915,1.4359928520043184e-05,0.01,47.59161304600093,0,0
2,2,64,40,0.0012074694514037092,0.0014065235581511312,1.436014861470294e-05,0.01,48.144775013999606,0,0
2,2,64,41,0.0012070232214308532,0.001406856213923492,1.4364085827557743e-05,0.01,48.69809557299959,0,0
